sample-id	barcode-sequence
#q2:types	categorical
Spinach1	TGTGCGATAACA
Spinach2	GATTATCGACGA
Spinach3	GCCTAGCCCAAT
Spinach4	GATGTATGTGGT
Spinach5	ACTCCTTGTGTT
Spinach6	GTCACGGACATT
Spinach7	GCGAGCGAAGTA
Spinach8	ATCTACCGAAGC
Spinach9	ACTTGGTGTAAG
Spinach10	TCTTGGAGGTCA
Spinach11	TCACCTCCTTGT
Spinach12	GCACACCTGATA
Spinach13	GCGACAATTACA
Spinach14	TCATGCTCCATT
Spinach15	AGCTGTCAAGCT
Spinach16	GAGAGCAACAGA
Spinach17	TACTCGGGAACT
Spinach18	CGTGCTTAGGCT
Spinach19	TACCGAAGGTAT
Spinach20	CACTCATCATTC
Spinach21	GTATTTCGGACG
Spinach22	TATCTATCCTGC
Spinach23	TTGCCAAGAGTC
Spinach24	AGTAGCGGAAGA
Spinach25	GCAATTAGGTAC
Spinach26	CATACCGTGAGT
Spinach27	ATGTGTGTAGAC
Spinach28	CCTGCGAAGTAT
Spinach29	TTCTCTCGACAT
Spinach30	GCTCTCCGTAGA
Spinach31	GTTAAGCTGACC
Spinach32	ATGCCATGCCGT
Spinach33	GACATTGTCACG
Spinach34	GCCAACAACCAT
Spinach35	ATCAGTACTAGG
Spinach36	TCCTCGAGCGAT
Spinach37	ACCCAAGCGTTA
Spinach38	TGCAGCAAGATT
Spinach39	AGCAACATTGCA
Spinach40	GATGTGGTGTTA
Spinach41	CAGAAATGTGTC
Spinach42	GTAGAGGTAGAG
Spinach43	CGTGATCCGCTA
Spinach44	GGTTATTTGGCG
Spinach45	GGATCGTAATAC
Spinach46	GCATAGCATCAA
Spinach47	GTGTTAGATGTG
Spinach48	TTAGAGCCATGC
Spinach49	TGAACCCTATGG
Spinach50	AGAGTCTTGCCA
Spinach51	ACAACACTCCGA
Spinach52	CGATGCTGTTGA
Spinach53	ACGACTGCATAA
Spinach54	ACGCGAACTAAT
Spinach55	AGCTATGTATGG
Spinach56	ACGGGTCATCAT
Spinach57	GAAACATCCCAC
Spinach58	CGTACTCTCGAG
Spinach59	TCAGTTCTCGTT
Spinach60	TCGTGCGTGTTG
Spinach61	GTTATCGCATGG
Spinach62	GATCACGAGAGG
Spinach63	GTAAATTCAGGC
Spinach64	AGTGTTTCGGAC
Spinach65	ACACGCGGTTTA
Spinach66	TGGCAAATCTAG
Spinach67	CACCTTACCTTA
Spinach68	TTAACCTTCCTG
Spinach69	TGCCGTATGCCA
Spinach70	CGTGACAATAGT
Spinach71	CGCTACAACTCG
Spinach72	TTAAGACAGTCG
Spinach73	TCTGCACTGAGC
Spinach74	CGCAGATTAGTA
Spinach75	TGGGTCCCACAT
Spinach76	CACTGGTGCATA
Spinach77	AACGTAGGCTCT
Spinach78	AGTTGTAGTCCG
Spinach79	TCGTCAAACCCG
Spinach80	TAATCGGTGCCA
Spinach81	TTGATCCGGTAG
Spinach82	CGGGTGTTTGCT
Spinach83	TTGACCGCGGTT
Spinach84	GTGCAACCAATC
Spinach85	GCTTGAGCTTGA
Spinach86	CGCTGTGGATTA
Spinach87	CTGTCAGTGACC
Spinach88	ACGATTCGAGTC
Spinach89	GGTTCGGTCCAT
Spinach90	CTGATCCATCTT
Spinach91	TATGTGCCGGCT
Spinach92	TGGTCGCATCGT
Spinach93	TGTAAGACTTGG
Spinach94	CGGATCTAGTGT
Spinach95	CGATCTTCGAGC
Spinach96	GTCGAATTTGCG
Spinach97	CGTACCAGATCC
Spinach98	TTAAGCGCCTGA
Spinach99	GTTATGACGGAT
Spinach100	CCAATGATAAGC
Spinach101	TCAATGACCGCA
Spinach102	CTCTCATATGCT
Spinach103	CATGTTGGAACA
Spinach104	CGAGATAGTTTG
Spinach105	ATGTTTAGACGG
Spinach106	TGCGGGATTCAT
Spinach107	AGCCTCATGATG
Spinach108	TTAAACCGCGCC
Spinach109	CTATCGGAAGAT
Spinach110	CCAGTATCGCGT
Spinach111	ATGGGACCTTCA
Spinach112	CGCGTCAAACTA
Spinach113	ACATGTCACGTG
Spinach114	CAAACTGCGTTG
Spinach115	GTGTATCGCCAC
Spinach116	CTTGCATACCGG
Spinach117	CGGATTGCTGTA
Spinach118	TCGTTTCTTCAG
Spinach119	GCTATTCCTCAT
Spinach120	TTGACACACGAC
Spinach121	CTTTAGCGCTGG
Spinach122	TTAGACTCGGAA
Spinach123	CCAAACTCGTCG
Spinach124	GTGCACGATAAT
Spinach125	GGTACTGTACCA
Spinach126	AGTACCTAAGTG
Spinach127	GTCTCTGAAAGA
Spinach128	ATAAGGTCGCCT
Spinach129	CTGGTCTTACGG
Spinach130	GACCGATAGGGA
Spinach131	ACGTGAGGAACG
Spinach132	GGTCTAGGTCTA
Spinach133	ATCGAATCGAGT
Spinach134	GGATGCAGGATG
Spinach135	GTTCTGCTTGTT
Spinach136	TTGCCCTTTGAT
Spinach137	CAAGTCGAATAC
Spinach138	GGCGAACTGAAG
Spinach139	TGAATCGAAGCT
Spinach140	TCAGGACGTATC
Spinach141	CTAGCAGTATGA
Spinach142	CCACTTGAGAGT
Spinach143	GTCAAGACCTCA
Spinach144	CCTGGAATTAAG
Spinach145	GCAAGTGTGAGG
Spinach146	CGGCACTATCAC
Spinach147	CTGCAGTAAGTA
Spinach148	GAAAGGTGAGAA
Spinach149	GTTAATGGCAGT
Spinach150	GCACTTCATTTC
Spinach151	TTGTTACGTTCC
Spinach152	TGAGACCCTACA
Spinach153	CTCGGTCAACCA
Spinach154	AGGTGGTGGAGT
Spinach155	TATAGGCTCCGC
Spinach156	GAATATACCTGG
Spinach157	GTATGGAGCTAT
Spinach158	AGAATCCACCAC
Spinach159	CAGTTCGAGATA
Spinach160	AAGTATCCTGCG
Spinach161	ACCCTATTGCGG
Spinach162	ATTCCCAGAACG
Spinach163	ATCGTGTGTTGG
Spinach164	GTCGCTTGCACA
Spinach165	CCTTCTGTATAC
Spinach166	CTCAAGTCAAAG
Spinach167	AATGTCACCAGA
Spinach168	CAAATGGTCGTC
Spinach169	TCCGTTCGTTTA
Spinach170	AGACGTTGCTAC
Spinach171	CTTCCGCAGACA
Spinach172	TCTACCACGAAG
Spinach173	ACGCTGTCGGTT
Spinach174	GTACCTAGCCTG
Spinach175	CAGCCTGCAAAT
Spinach176	ACACATAAGTCG
Spinach177	ACCACCGTAACC
Spinach178	AGAATAGCGCTT
Spinach179	GCACTATACGCA
Spinach180	AATATCGGGATC
Spinach181	CTCGTTTCAGTT
Spinach182	CACTGAGTACGT
Spinach183	TTGCAAGTACCG
Spinach184	TACTGCCAGTGA
Spinach185	CATTTCGCACTT
Spinach186	AAGCGTACATTG
Spinach187	TCTGGGCATTGA
Spinach188	TAGTGCATTCGG
Spinach189	GCGAACCTATAC
Spinach190	TCAAGCAATACG
Spinach191	GCTTCTCTCACT
Spinach192	GAGTTTACGGTC
Spinach193	ACGTAACCACGT
Spinach194	AATACAGACCTG
Spinach195	TCCGCAACCTGA
Spinach196	GCATGCATCCCA
Spinach197	ATCCCAGCATGC
Spinach198	ACCAACAGATTG
Spinach199	CTGGTGCTGAAT
Spinach200	GTGACGTTAGTC
Spinach201	GTCGGAAATTGT
Spinach202	GACTCAACCAGT
Spinach203	TCACTTGGTGCG
Spinach204	GATCTAATCGAG
Spinach205	GCTTCCAGACAA
Spinach206	GTGGCCTACTAC
Spinach207	GACAGAGGTGCA
Spinach208	GAGTCTTGGTAA
Spinach209	TCTAACGAGTGC
Spinach210	GGAAGAAGTAGC
Spinach211	TTATGTACGGCG
Spinach212	AATCTTGCGCCG
Spinach213	ACACAGTCCTGA
Spinach214	TTCCCTTCTCCG
Spinach215	TCAGACCAACTG
Spinach216	TCGTCGCCAAAC
Spinach217	CATCTGGGCAAT
Spinach218	ATCGATCCACAG
Spinach219	TTGGACGTCCAC
Spinach220	GGAAATCCCATC
Spinach221	ATTATACGGCGC
Spinach222	CATTTGACGACG
Spinach223	AGTGATGTGACT
Spinach224	AACATGCATGCC
Spinach225	TGTCCGTGGATC
Spinach226	ACACCGCACAAT
Spinach227	TCCAGGGCTATA
Spinach228	GACCGTCAATAC
Spinach229	ATTCAGATGGCA
Spinach230	AAGTGAAGCGAG
Spinach231	CTTAGCTACTCT
Spinach232	GTCTGTTGAGTG
Spinach233	ACTCGGCCAACT
Spinach234	GTCTCCTCCCTT
Spinach235	GCGTAGAGAGAC
Spinach236	TTGGAACGGCTT
Spinach237	TAAACGCGACTC
Spinach238	TGCCGCCGTAAT
Spinach239	TCGGTCCATAGC
Spinach240	TGAGTTCGGTCC
Spinach241	GTTGGTTGGCAT
Spinach242	GTAGCACTCATG
Spinach243	GAAACTCCTAGA
Spinach244	TCCTAGGTCCGA
Spinach245	CCTCGGGTACTA
Spinach246	AACCTCGGATAA
